{"gameName":"FPS","sessionID":21,"score":56,"scoreTime":0.0,"dateTimeTxt":"11/3/2021 10:52:58 AM","enemy":["Drone_Red","Drone_Red","Drone_Red","Alien","Drone_Red","Drone_Red","Drone_Red","Drone_Red","Alien","Drone_Red","Drone_Red","Drone_Yellow","Drone_Yellow","Alien","Drone_Yellow","Drone_Yellow","Drone_Yellow","Drone_Yellow","Drone_Blue","Alien","Drone_Blue","Drone_Blue","Drone_Blue","Drone_Blue","Alien","Drone_Red","Drone_Red","Drone_Red","Drone_Red","Drone_Yellow","Drone_Yellow","Drone_Yellow","Alien","Drone_Yellow","Drone_Yellow","Drone_Yellow","Drone_Yellow","Drone_Yellow","Drone_Yellow","Drone_Yellow","Drone_Yellow","Alien","Drone_Yellow","Drone_Yellow","Drone_Blue","Drone_Blue","Drone_Blue","Drone_Blue","Drone_Blue","Drone_Blue","Drone_Blue"],"timeAppear":[0.019999999552965165,0.2799999713897705,0.29999998211860659,0.3400000035762787,3.7599971294403078,6.159995079040527,7.219994068145752,7.899993419647217,9.22002124786377,9.480027198791504,10.380047798156739,11.180066108703614,12.5400972366333,16.32018280029297,16.580188751220704,17.94021987915039,17.94021987915039,19.240249633789064,21.620304107666017,23.880355834960939,24.580371856689454,26.620418548583986,29.280479431152345,30.72051239013672,30.760513305664064,31.540531158447267,33.52057647705078,34.420597076416019,35.88063049316406,37.080657958984378,37.920677185058597,38.64069366455078,39.68071746826172,40.58073806762695,42.88079071044922,43.8208122253418,44.540828704833987,45.54085159301758,46.98088455200195,47.58089828491211,48.36091613769531,48.52091979980469,49.16093444824219,49.90095138549805,50.720970153808597,53.38103103637695,54.22105026245117,55.6210823059082,56.78110885620117,59.74117660522461,59.74117660522461],"timeDisappear":[10.380047798156739,7.219994068145752,3.7599971294403078,5.259995937347412,6.159995079040527,7.899993419647217,9.480027198791504,16.580188751220704,15.42016315460205,11.180066108703614,12.5400972366333,21.620304107666017,17.94021987915039,19.880264282226564,19.240249633789064,26.620418548583986,26.620418548583986,24.580371856689454,29.280479431152345,27.580440521240236,33.52057647705078,30.72051239013672,31.540531158447267,34.420597076416019,32.96056365966797,37.080657958984378,38.64069366455078,35.88063049316406,37.920677185058597,46.98088455200195,43.8208122253418,40.58073806762695,41.64076232910156,42.88079071044922,44.540828704833987,47.58089828491211,45.54085159301758,48.36091613769531,49.90095138549805,49.16093444824219,50.720970153808597,52.961021423339847,53.38103103637695,54.22105026245117,56.78110885620117,55.6210823059082,59.74117660522461,58.081138610839847,62.06122970581055,65.92095184326172,65.92095184326172],"initialPositions":[{"x":-1.9052150249481202,"y":4.149914264678955,"z":13.975768089294434},{"x":4.028345584869385,"y":1.7094937562942505,"z":14.958246231079102},{"x":4.6757941246032719,"y":2.751047134399414,"z":16.422168731689454},{"x":0.0,"y":0.0,"z":0.0},{"x":2.260713815689087,"y":3.158402442932129,"z":11.553157806396485},{"x":0.3383648991584778,"y":3.292170524597168,"z":8.995256423950196},{"x":-0.8367716670036316,"y":3.0050387382507326,"z":10.012993812561036},{"x":-1.4632995128631592,"y":0.3864051103591919,"z":15.595266342163086},{"x":0.0,"y":0.0,"z":0.0},{"x":-4.329812526702881,"y":5.700486183166504,"z":10.67664909362793},{"x":4.947678089141846,"y":5.597568988800049,"z":10.190269470214844},{"x":-4.7895636558532719,"y":2.2454545497894289,"z":10.600289344787598},{"x":0.3436034321784973,"y":2.0028040409088136,"z":11.444047927856446},{"x":0.0,"y":0.0,"z":0.0},{"x":5.3654093742370609,"y":3.670125961303711,"z":12.620885848999024},{"x":-2.5315968990325929,"y":4.528287410736084,"z":16.01394271850586},{"x":-2.5315968990325929,"y":4.528287410736084,"z":16.01394271850586},{"x":-1.8461635112762452,"y":4.637570381164551,"z":11.928186416625977},{"x":4.627752780914307,"y":1.6454719305038453,"z":14.943798065185547},{"x":0.0,"y":0.0,"z":0.0},{"x":-5.128834247589111,"y":3.729112148284912,"z":12.018678665161133},{"x":-0.29066532850265505,"y":2.070915699005127,"z":11.472822189331055},{"x":-4.6568427085876469,"y":1.838411808013916,"z":12.031333923339844},{"x":-2.2721641063690187,"y":0.6249042749404907,"z":10.72132682800293},{"x":0.0,"y":0.0,"z":0.0},{"x":-1.0315396785736085,"y":3.6248865127563478,"z":9.92247486114502},{"x":-1.6026170253753663,"y":1.4170235395431519,"z":16.431842803955079},{"x":-0.0393482968211174,"y":0.4397646188735962,"z":9.021937370300293},{"x":-1.2487084865570069,"y":2.595205783843994,"z":11.802120208740235},{"x":5.043518543243408,"y":2.5815072059631349,"z":14.13034439086914},{"x":1.9218863248825074,"y":5.5286545753479,"z":14.032194137573243},{"x":-2.195005178451538,"y":1.1337608098983765,"z":11.809743881225586},{"x":0.0,"y":0.0,"z":0.0},{"x":0.6207965016365051,"y":4.246495723724365,"z":15.123270034790039},{"x":5.218025207519531,"y":3.898263931274414,"z":14.99996566772461},{"x":-5.386847019195557,"y":2.4571499824523927,"z":9.838976860046387},{"x":3.8729093074798586,"y":3.3663554191589357,"z":9.50915241241455},{"x":-6.10866117477417,"y":1.640785574913025,"z":10.223400115966797},{"x":2.052907943725586,"y":0.9922481775283814,"z":16.803470611572267},{"x":-1.9471032619476319,"y":1.1677290201187134,"z":14.9185791015625},{"x":3.384777069091797,"y":0.8415738344192505,"z":9.832889556884766},{"x":0.0,"y":0.0,"z":0.0},{"x":-1.445326566696167,"y":3.8781394958496095,"z":9.853546142578125},{"x":-0.1808907389640808,"y":2.1261205673217775,"z":13.835472106933594},{"x":5.318209171295166,"y":3.8526434898376467,"z":15.045684814453125},{"x":3.1137964725494386,"y":2.34907865524292,"z":13.389345169067383},{"x":-2.3735902309417726,"y":0.8335522413253784,"z":11.726009368896485},{"x":2.475192070007324,"y":0.8529785871505737,"z":13.069320678710938},{"x":-5.7964606285095219,"y":4.431370258331299,"z":14.272653579711914},{"x":-2.799588918685913,"y":1.8093770742416382,"z":9.921152114868164},{"x":-2.799588918685913,"y":1.8093770742416382,"z":9.921152114868164}],"diedPositions":[{"x":-1.904122233390808,"y":5.896248817443848,"z":13.977363586425782},{"x":4.040404796600342,"y":4.208022117614746,"z":15.132862091064454},{"x":4.712100028991699,"y":0.14300012588500977,"z":16.631607055664064},{"x":-9.030000686645508,"y":-0.12999987602233888,"z":9.940000534057618},{"x":-1.1303731203079224,"y":3.145285129547119,"z":11.577906608581543},{"x":0.3998681306838989,"y":1.757659673690796,"z":9.23362922668457},{"x":-3.3715178966522219,"y":2.981904983520508,"z":10.034762382507325},{"x":-1.4853885173797608,"y":0.19208645820617677,"z":15.72062873840332},{"x":-7.880000114440918,"y":3.866000175476074,"z":17.64900016784668},{"x":-2.438647747039795,"y":5.688958644866943,"z":10.695377349853516},{"x":2.5253865718841554,"y":5.660759925842285,"z":10.230774879455567},{"x":-4.8701066970825199,"y":3.962414264678955,"z":10.839822769165039},{"x":0.376323401927948,"y":0.14453363418579102,"z":11.471918106079102},{"x":7.449999809265137,"y":-0.12999987602233888,"z":9.940000534057618},{"x":5.473026275634766,"y":1.8453172445297242,"z":12.881875038146973},{"x":-8.446776390075684,"y":5.897000312805176,"z":16.326828002929689},{"x":-8.446776390075684,"y":5.897000312805176,"z":16.326828002929689},{"x":8.097003936767579,"y":4.6525959968566898,"z":12.065115928649903},{"x":4.627752780914307,"y":0.14300060272216798,"z":14.943798065185547},{"x":-7.880000114440918,"y":3.866000175476074,"z":17.64900016784668},{"x":-5.102786064147949,"y":5.896999835968018,"z":12.021991729736329},{"x":-2.663341760635376,"y":2.070915699005127,"z":11.472822189331055},{"x":-4.6568427085876469,"y":3.999777317047119,"z":12.031333923339844},{"x":-5.728991508483887,"y":0.6010137796401978,"z":10.730029106140137},{"x":-7.880000114440918,"y":3.866000175476074,"z":17.64900016784668},{"x":-3.7597737312316896,"y":3.716339588165283,"z":10.173494338989258},{"x":-1.602562427520752,"y":0.14300036430358888,"z":16.45619010925293},{"x":-0.9990218877792358,"y":0.4451775550842285,"z":9.364767074584961},{"x":-1.2778996229171754,"y":0.17384624481201173,