{"gameName":"Magic","sessionID":5,"score":15,"scoreTime":0.0,"dateTimeTxt":"11/3/2021 10:50:54 AM","endGameCondition":"Died","enemyType":["Water","Fire","Fire","Fire"],"timeAppear":[0.0,36.2806396484375,51.02097702026367,87.19738006591797],"timeDisappear":[33.26057052612305,48.00090789794922,84.19788360595703],"attackPlayer":["Water","Wind","Water","Water","Water","Wind"],"defensePlayer":["Wind","Water","Fire"],"numberOfAttack":[2,1,2,1],"timeOfAttack":[11.720078468322754,33.240570068359378,48.00090789794922,62.76124572753906,84.17788696289063,99.01539611816406],"numberOfDefence":[1,0,1,1],"timeOfDefence":[22.480323791503908,73.45968627929688,109.81358337402344]}